<?xml version="1.0" encoding="UTF-8"?><?xml-stylesheet type='text/xsl' href='_UpgradeReport_Files/UpgradeReport.xslt'?><UpgradeLog>
<Properties><Property Name="Solution" Value="JogoDaVelha">
</Property><Property Name="Solution File" Value="\\Srveduc\Educacional\dotNet\JogoDaVelha\Backup\JogoDaVelha.sln">
</Property><Property Name="User Options File" Value="\\Srveduc\Educacional\dotNet\JogoDaVelha\Backup\JogoDaVelha.suo">
</Property><Property Name="Date" Value="sábado, 6 de abril de 2013">
</Property><Property Name="Time" Value="14:19">
</Property></Properties><Event ErrorLevel="0" Project="" Source="JogoDaVelha.sln" Description="File successfully backed up as \\Srveduc\Educacional\dotNet\JogoDaVelha\Backup\Backup\JogoDaVelha.sln">
</Event><Event ErrorLevel="0" Project="" Source="JogoDaVelha.suo" Description="File successfully backed up as \\Srveduc\Educacional\dotNet\JogoDaVelha\Backup\Backup\JogoDaVelha.suo">
</Event><Event ErrorLevel="0" Project="JogoDaVelha" Source="JogoDaVelha\JogoDaVelha.csproj" Description="Project file successfully backed up as \\Srveduc\Educacional\dotNet\JogoDaVelha\Backup\Backup\JogoDaVelha\JogoDaVelha.csproj">
</Event><Event ErrorLevel="0" Project="JogoDaVelha" Source="JogoDaVelha\JogoDaVelha.csproj.user" Description="Project user file successfully backed up as \\Srveduc\Educacional\dotNet\JogoDaVelha\Backup\Backup\JogoDaVelha\JogoDaVelha.csproj.user">
</Event><Event ErrorLevel="0" Project="JogoDaVelha" Source="JogoDaVelha\Form1.cs" Description="File successfully backed up as \\Srveduc\Educacional\dotNet\JogoDaVelha\Backup\Backup\JogoDaVelha\Form1.cs">
</Event><Event ErrorLevel="0" Project="JogoDaVelha" Source="JogoDaVelha\Form1.Designer.cs" Description="File successfully backed up as \\Srveduc\Educacional\dotNet\JogoDaVelha\Backup\Backup\JogoDaVelha\Form1.Designer.cs">
</Event><Event ErrorLevel="0" Project="JogoDaVelha" Source="JogoDaVelha\Program.cs" Description="File successfully backed up as \\Srveduc\Educacional\dotNet\JogoDaVelha\Backup\Backup\JogoDaVelha\Program.cs">
</Event><Event ErrorLevel="0" Project="JogoDaVelha" Source="JogoDaVelha\Properties\AssemblyInfo.cs" Description="File successfully backed up as \\Srveduc\Educacional\dotNet\JogoDaVelha\Backup\Backup\JogoDaVelha\Properties\AssemblyInfo.cs">
</Event><Event ErrorLevel="0" Project="JogoDaVelha" Source="JogoDaVelha\Properties\Resources.Designer.cs" Description="File successfully backed up as \\Srveduc\Educacional\dotNet\JogoDaVelha\Backup\Backup\JogoDaVelha\Properties\Resources.Designer.cs">
</Event><Event ErrorLevel="0" Project="JogoDaVelha" Source="JogoDaVelha\Properties\Settings.Designer.cs" Description="File successfully backed up as \\Srveduc\Educacional\dotNet\JogoDaVelha\Backup\Backup\JogoDaVelha\Properties\Settings.Designer.cs">
</Event><Event ErrorLevel="0" Project="JogoDaVelha" Source="JogoDaVelha\Properties\Settings.settings" Description="File successfully backed up as \\Srveduc\Educacional\dotNet\JogoDaVelha\Backup\Backup\JogoDaVelha\Properties\Settings.settings">
</Event><Event ErrorLevel="0" Project="JogoDaVelha" Source="JogoDaVelha\Form1.resx" Description="File successfully backed up as \\Srveduc\Educacional\dotNet\JogoDaVelha\Backup\Backup\JogoDaVelha\Form1.resx">
</Event><Event ErrorLevel="0" Project="JogoDaVelha" Source="JogoDaVelha\Properties\Resources.resx" Description="File successfully backed up as \\Srveduc\Educacional\dotNet\JogoDaVelha\Backup\Backup\JogoDaVelha\Properties\Resources.resx">
</Event><Event ErrorLevel="0" Project="JogoDaVelha" Source="JogoDaVelha\Xis.png" Description="File successfully backed up as \\Srveduc\Educacional\dotNet\JogoDaVelha\Backup\Backup\JogoDaVelha\Xis.png">
</Event><Event ErrorLevel="0" Project="JogoDaVelha" Source="JogoDaVelha\Circle.png" Description="File successfully backed up as \\Srveduc\Educacional\dotNet\JogoDaVelha\Backup\Backup\JogoDaVelha\Circle.png">
</Event><Event ErrorLevel="0" Project="JogoDaVelha" Source="JogoDaVelha\JogoDaVelha.csproj" Description="Project converted successfully">
</Event><Event ErrorLevel="3" Project="JogoDaVelha" Source="JogoDaVelha\JogoDaVelha.csproj" Description="Converted">
</Event><Event ErrorLevel="0" Project="" Source="JogoDaVelha.sln" Description="Solution converted successfully">
</Event><Event ErrorLevel="3" Project="" Source="JogoDaVelha.sln" Description="Converted">
</Event><Event ErrorLevel="0" Project="JogoDaVelha" Source="JogoDaVelha\JogoDaVelha.csproj" Description="Scan complete: Upgrade not required for project files.">
</Event></UpgradeLog>